Content,Video title,Video publish time,Views,Watch time (hours),Subscribers,Impressions,Impressions click-through rate (%)
Total,,,261952,16020.6663,3913,3198592,2.97
syf6ZSiRSbw,Intro to FastAPI | Sebastian Ramirez | Conf42 Open Source Showcase 2020,"Jul 6, 2020",15916,1311.7938,210,200182,4.66
tlQsviAbBxk,Building Python Flask API in google colab | Shweta Mishra | Conf42 Python 2022,"Mar 1, 2022",6254,236.5863,27,21191,6.63
4kdU9_a-gII,WebRTC: The secret power you didn't know Go has | Sean DuBois | Conf42 Golang 2021,"Aug 3, 2021",5919,448.4672,63,43233,4.97
JrCMCdvoMAw,chezmoi - Dotfiles Manager across multiple machines | Tom Payne | Conf42 Open Source Showcase 2020,"Jul 6, 2020",4671,303.0548,19,22846,6.64
PHhOTEYDvHQ,Idiomatic Pandas | Matt Harrison | Conf42 Python 2021,"Jun 26, 2021",4290,321.6373,84,21659,4.57
55TzYYKhEjM,Vue.js form validation with vee-validate v4 | Abdelrahman Awad | Conf42 JavaScript 2021,"Nov 26, 2021",4157,170.567,20,17083,5.99
KaIbgrYIPQk,DevOps automation with Go | Oliver Fuerst | Conf42 Golang 2021,"Aug 3, 2021",4013,135.1743,33,25588,8.95
yqHxcm0soTU,Distributed tracing for Node.js using OpenTelemetry | Michael Haberman | Conf42 JavaScript 2021,"Nov 26, 2021",3553,275.9899,17,28388,6.65
Vz9rkr_p3Ts,Data-Oriented programming | Yehonathan Sharvit  | Conf42 Enterprise Software 2021,"May 5, 2021",3352,237.3643,14,20974,7.62
miMm7qGMqLw,Generate pages on demand: ISG With Layer0 and Nuxt.js | Rishi Raj Jain | Conf42 JavaScript 2021,"Nov 26, 2021",3134,31.7074,2,1942,4.33
1aKjHVjQEfc,The Transformation of DevOps and InfoSec in AIoT | Susie Su | Conf42 DevSecOps 2023,"Dec 31, 2023",2945,24.8826,1,6136,1.08
Lx2hd_lbhxY,Deploy N applications to N clusters using Argo CD ApplicationSet | Dewan Ahmed | Conf42 SRE 2021,"Oct 30, 2021",2790,207.5533,14,7879,4.78
eXg9m2TM0dE,"Real-time analytics dashboard with Streamlit, Pinot & Kafka | Mark Needham | Conf42 Python 2022","Mar 1, 2022",2589,138.2536,19,17762,5.24
dOE_UEwzgMw,Ent: Making Data Easy in Go | Dmitry Vinnyk | Conf42 Golang 2021,"Aug 3, 2021",2517,117.8392,11,14925,10.63
jKKJ_yXhXVg,Go - Best practices | Ranjan Mohan | Conf42 Golang 2022,"May 3, 2022",2381,170.8944,16,12982,11.7
XBkBpFYAHiw,Gopher in an Event-Driven playground | Tamimi | Conf42 Golang 2022,"Mar 31, 2022",2348,166.3736,35,15161,4.76
Y8EbPFNdwxU,Building applications in the Cloud using Go and the AWS CDK | Vincent Lesierse | Conf42 Golang 2021,"Aug 3, 2021",2246,169.6044,19,14949,7.08
aRsea6FFAyA,Transaction Management and Repository Pattern | Ilia Sergunin | Conf42 Golang 2023,"May 21, 2023",2230,162.1661,16,9530,5.97
6KXGJKx4WcM,BDD with JUnit 5 and Cucumber | Catalin Tudose  | Conf42 Enterprise Software 2021,"May 23, 2021",2164,135.5237,10,9302,9.88
ng8i5KPf6d0,ML time series forecasting methods | Pawel Skrzypek & Anna Warno | Conf42 Machine Learning 2021,"Aug 31, 2021",2161,130.2499,19,20287,5.97
5EJNx1ON1tI,Conf42 OBS Recording Tutorial,,2110,170.4791,7,28,0
pKMhlmddYXY,Mastering Efficient Code Reviews: A Path to Superior Codebase | Israel Heringer | Conf42 DevOps 2024,"Jan 25, 2024",1977,16.6665,3,2447,0.65
IDIzO55Mz5g,"Flux or ArgoCD, which one to choose ? | Ismael Hommani & Clement Loiselet | Conf42 DevOps 2023","Feb 28, 2023",1835,219.6704,29,17687,6.59
zZdlXYGQNew,Delving Deep into the Intersection of AI and IoT | Susie Su | Conf42 Internet of Things 2023,"Dec 14, 2023",1769,14.2502,0,3173,1.04
BBQPeLYpdLY,Polars: A highly optimized dataframe library | Matt Harrison | Conf42 Machine Learning 2023,"Jun 29, 2023",1733,120.5453,32,19681,5.8
KJV6vspieSM,DDD and FSM: tackling complexity with state machines | Ilya Kaznacheev | Conf42 Golang 2021,"Aug 3, 2021",1721,95.1657,10,8518,5.76
MF7UItjxDWA,Getting Reactive with Relational Databases & R2DBC | Rob Hedgpeth | Conf42 Enterprise Software 2021,"May 5, 2021",1702,188.4424,13,11478,7.21
Z9mRyM6eihI,Creating Immersive Generative Art With Go | Preslav Rachev | Conf42 Golang 2021,"Aug 3, 2021",1673,97.2988,14,10282,4.77
tYNaXn2wJJo,MongoDB Schema Design - best practices | Joe Karlsson | Conf42 JavaScript 2020,"Oct 21, 2020",1626,176.9479,22,18284,4.16
V6v6nnD1qZE,Embracing Hexagonal Architecture with Serverless | Luca Mezzalira | Conf42 JavaScript 2021,"Nov 26, 2021",1466,108.7694,14,4184,7.36
t6r3SgK-bDQ,Deploying a simple Python app to Kubernetes/OpenShift | JJ Asghar | Conf42 Python 2022,"Mar 1, 2022",1300,108.8342,8,8611,6
 -Xgv4ZVWORg,Build a prod-ready distributed task queue system with celery | Vishrut Kohli | Conf42 Python 2021,"Jun 26, 2021",1297,86.6882,18,9365,5.96
I_UaaqJrxT8,Enhancing a Distributed SQL Database Engine | Alexey Ozeritskiy | Conf42 DevOps 2024,"Jan 25, 2024",1256,19.419,8,2475,2.02
ycKBGzOHBgQ,Successful Go for microservices architecture | Herve Ah-Leung | Conf42 Golang 2022,"May 3, 2022",1212,78.635,14,9862,6.63
JNUSiwW-cSo,Premiere - Conf42 Golang 2022,"Mar 31, 2022",1198,36.7224,23,5397,3.11
mdPIvdgFxMU,Build your own Dependency Injection framework! | Mark Hendriks | Conf42 Enterprise Software 2021,"May 5, 2021",1164,90.9472,11,5205,9.13
NEp8QZKi19s,Premiere - Conf42 Golang 2023,"Apr 20, 2023",1152,28.2241,43,19436,1.07
IpggeW9dO3A,Financial Network Analysis using Python | Kalyan Prasad | Conf42 Python 2022,"Mar 1, 2022",1136,59.9505,10,3529,6.32
hl98ShsDQ4k,Go Big with Apache Kafka | Lorna Mitchell | Conf42 Golang 2021,"Aug 3, 2021",1130,104.2574,13,18066,3.78
rqd7OPIa_Zg,Premiere - Conf42 Rustlang 2022,"Sep 1, 2022",1043,24.1706,27,7647,2.8
6rv-utOAnto,Image Super-Resolution in JS | Kevin Scott | Conf42 JavaScript 2020,"Oct 21, 2020",1033,49.9726,8,5590,5.67
H99jI1nwe0g,Chaos Monkey for Spring Boot | John Fletcher & Manuel Wessner | Conf42 Chaos Engineering 2020,"Apr 6, 2020",1019,103.7157,8,11674,3.82
VHCvISpjaGw,Premiere - Conf42 Chaos Engineering 2021,"Feb 25, 2021",1011,37.3341,19,5016,2.53
OILWd9inkf0,AWS CDK - Best Practices From The Trenches | Ran Isenberg | Conf42 Cloud Native 2023,"Apr 30, 2023",916,94.7323,22,5070,5.82
F7wT1QYbhS4,Conf42 speaker intro example - Julie Gunderson,,895,6.153,2,4,25
K_m19O-dUJA,Conf42: Explained,"Mar 6, 2021",825,5.8289,5,3083,3.15
ADvD-DfSTSU,The Definitive Deep Dive into the .git Folder | Rob Richardson | Conf42 Python 2021,"Jun 26, 2021",824,85.0792,4,2700,2.63
kN1uhKzGsyY,gRPC in Python. Build fast scalable APIs for your services | Aditya Mattos | Conf42 Python 2023,"Apr 11, 2023",773,47.6749,5,5892,6.69
1Jbmtdjxhjs,"KinD, nGinx Ingress Controller & Secured gRPC server | Mahendra Bagul | Conf42 Golang 2021","Aug 3, 2021",751,55.5548,9,6508,4.79
JtLrlDNdJzg,Post Mortem Culture: Learning from Failure | Yury Ni√±o Roa | Conf42 Chaos Engineering 2020,"Mar 27, 2020",742,23.1048,6,12089,1.3
RRwxStQpox0,Build your first Cyber Forensic Application | Gajendra Deshpande | Conf42 Python 2021,"Jun 26, 2021",741,27.3189,11,5878,7.13
PAiK53ucusk,Go development on local k8s with Skaffold | Matan Cohen | Conf42 Golang 2021,"Aug 3, 2021",719,43.2091,8,4865,5.76
wGkaYfcHDfs,Reinventing Speech-to-Text Transcriptions with Go and Whisper | Pratim Bhosale | Conf42 Golang 2023,"May 21, 2023",699,21.388,4,5033,6.18
A90IyuRkrPs,Terminal Emulator Basics in Golang | Ishuah Kariuki | Conf42 Golang 2021,"Aug 3, 2021",698,51.7862,6,5957,4.48
dTP4J0GcXxg,Automate your ML workflows with pipelines | Antje Barth | Conf42 Machine Learning 2021,"Jul 29, 2021",688,30.6122,7,3891,5.99
96AIQuiffbI,Using our Graphics Library to show them analytics! | Renaldi Gondosubroto | Conf42 JavaScript 2020,"Oct 21, 2020",683,84.2636,2,4466,3.16
JHc2An3a0Ws,DevSecOps for AI: Introducing MLSecOps for Software 2.0 | Eugene Neelou | Conf42 DevSecOps 2022,"Jan 6, 2023",681,47.0476,11,9561,1.33
Ag0Yn7CzYSY,Fault isolation using shuffle sharding | Andrew Robinson | Conf42 SRE 2021,"Oct 30, 2021",659,54.4147,8,2400,8.58
xDrvwMK9BmQ,"Memory Management in Go: The good, the bad and the ugly | Liam Conroy Hampton | Conf42 Golang 2023","May 21, 2023",658,56.8919,3,3623,7.56
kwAwfkh4vOA,Peernet - an open p2p network standard / implementation | Akilan Selvacoumar | Conf42 Golang 2022,"May 3, 2022",647,28.8227,2,5343,4.81
6m6FUsi4kGc,My Blog is Hilariously Overengineered | Xe Iaso | Conf42 Rustlang 2022,"Sep 30, 2022",639,46.133,3,2499,6.4
51tTd1vl5CM,Design System For Micro-Frontends | Azizi Yazit | Conf42 JavaScript 2021,"Nov 26, 2021",636,29.9329,4,2665,7.35
8AiylKjLVmY,Premiere - Conf42 Golang 2021,"Jun 24, 2021",635,20.361,24,3972,2.82
I2tVnH_JuHI,Ultimate Guide to Golang Development for Beginners | Huseyin Babal | Conf42 Golang 2021,"Aug 3, 2021",626,26.8606,18,4816,5.56
xfDDpCNt3LQ,Kubernetes won't save you | Lian Li | Conf42 Cloud Native 2021,"Jun 2, 2021",623,54.5612,8,2006,5.48
SJGfZ3RU_3Y,Swiss Army Knife for SaaS Products Build with Go | Huseyin Babal | Conf42 Golang 2023,"May 21, 2023",611,28.1472,15,5807,3.36
KcEDAMHvpis,Benchmarking JVM Warm-Up Performance | Frank Kriegl | Conf42 Enterprise Software 2021,"May 5, 2021",609,43.7936,3,5070,5.35
yKJ_h0K6liM,Load testing with F1 | Adelina Simion & Andy Kuszyk | Conf42 Golang 2022,"Mar 31, 2022",599,55.5402,8,7137,3.28
ovLKssNavS4,Deploying ML solutions with low latency in Python | Aditya Lohia | Conf42 Machine Learning 2021,"Aug 31, 2021",595,10.9835,3,3380,13.31
vTzV1OdbUCk,Premiere - Conf42 DevOps 2023,"Jan 26, 2023",591,28.1605,24,9401,1.1
vrojmYRHxwY,Reproducible Builds with Bazel | Gaspare Vitta | Conf42 Python 2021,"Jun 26, 2021",586,29.5257,6,4092,4.55
jQOxsvdyx04,Every CISO‚Äôs First 90 Days on the Job | Gordon Rudd | Conf42 Golang 2021,"Aug 3, 2021",582,132.229,12,4772,7.17
inPkJkPBfas,Go with Workflows | Walter Demian Schroeder | Conf42 Golang 2022,"Mar 31, 2022",578,24.2797,5,6123,4.39
TEZOZQUcplM,Scalable event-driven applications with NestJS | Dmitry Khorev | Conf42 JavaScript 2022,"Dec 19, 2022",576,26.1263,6,4022,3.7
LCXyBzHEqFM,Event-driven applications: Apache Kafka and Python | Francesco Tisiot | Conf42 Python 2021,"Jun 26, 2021",573,46.3764,8,4145,4.49
peSUrYj8bhs,What I learned creating a CLI with Go | Lais Lima | Conf42 Golang 2023,"May 21, 2023",557,21.7657,6,4462,6.72
7k6gYZa6BVg,How to be WRONG | Russ Miles | Conf42 Chaos Engineering 2020,"Apr 1, 2020",525,45.4083,5,2723,2.64
1s-hXnjHEHI,Object Detection using Transformers and CNNs | Eduardo Dixo | Conf42 Machine Learning 2021,"Aug 31, 2021",521,20.0615,4,5840,4.67
KblJ1XbXtDs,Premiere - Conf42 Cloud Native 2021,"Apr 29, 2021",516,22.3456,13,3109,2.22
MgaXliEYVCU,Learn Rust By Building CLI Tools | Jim Lynch | Conf42 Rustlang 2023,"Sep 24, 2023",514,26.539,9,7199,4.47
booybxZW_Yk,Premiere - Conf42 Site Reliability Engineering 2021,"Sep 30, 2021",510,38.1206,18,3919,2.53
_V_Nd85Ihsg,Build your own search application with Weaviate | Laura Ham | Conf42 Machine Learning 2022,"Jun 21, 2022",498,37.6504,6,4001,4.8
xNhWZkBslUQ,Chaos engineering for serverless | Gunnar Grosch | Conf42 Chaos Engineering 2022,"Mar 10, 2022",487,47.3877,2,2548,2.51
h4yC0MGWrHQ,A gentle introduction to Vector Databases | Zain Hasan | Conf42 Machine Learning 2023,"Jun 20, 2023",478,53.7846,7,3717,2.34
KqVoKeOPATQ,Architecting for Resilience: Strats for Fault-Tolerant Systems | Maria Rogova | Conf42 DevOps 2024,"Jan 25, 2024",476,4.4026,1,1568,1.15
WLz5QLb1Od8,Premiere - Conf42 Site Reliability Engineering (SRE) 2023,"May 4, 2023",476,16.6211,14,4927,2.37
2Spu3SQSMjQ,Premiere - Conf42 JavaScript 2022,"Nov 17, 2022",475,14.3553,9,3311,2.3
5Q5_vuHdOkI,Chaos Experiments under the lens of AIOps | Michele Dodic | Conf42 Chaos Engineering 2022,"Apr 11, 2022",468,21.8279,1,1157,3.46
1NPgN91FrPU,Premiere - Conf42 Python 2023,"Mar 9, 2023",462,12.1799,8,2941,1.63
l3gvFLi-4FA,Multi Region Terraform Deployments | Lerna Ekmekcioglu & Jack Iu | Conf42 Chaos Engineering 2022,"Apr 11, 2022",455,26.1787,2,2484,5.72
HpdBZhmVuqQ,Moving from the Openstack Magnum to the Cluster API | Andrei Novoselov | Conf42 Cloud Native 2023,"Mar 30, 2023",454,36.5448,10,3172,3.78
JXA6XC9WB6w,Premiere - Conf42 Quantum Computing 2023,"Jun 29, 2023",454,10.4624,10,5252,2.08
fab-dLCsNOQ,Enterprise SRE adoption framework | Vishnu Vardhan Chikoti | Conf42 SRE 2021,"Oct 30, 2021",444,26.0063,4,1670,5.45
vBDkhEA-Lfs,Building CLI apps using Go | Abhisek Pattnaik | Conf42 Golang 2023,"May 21, 2023",443,23.2219,3,4973,4.36
mL9ocOBg2y4,Form Validations with VEST | Alush Evyatar | Conf42 JavaScript 2020,"Oct 21, 2020",437,30.1012,2,2601,5.04
Ve1KaLVhwIM,Premiere - Conf42 Python 2022,"Jan 27, 2022",436,17.8071,11,5301,1.23
9TN138O3PbQ,Premiere - Conf42 Chaos Engineering 2023,"Feb 16, 2023",434,12.3028,13,3232,1.95
Lxtr9h0Xkqc,Shifting left chaos testing | Pablo Chacin | Conf42 Chaos Engineering 2023,"Feb 16, 2023",427,21.4446,4,8742,1.1
0C12lOefMH8,Premiere - Conf42 JavaScript 2021,"Oct 28, 2021",418,14.2328,11,2836,1.94
VKl51fi2gm0,Let's talk about Kubernetes Cluster Monitoring | Twinkll Sisodia | Conf42 Kube Native 2022,"Nov 20, 2022",418,6.7007,2,18327,0.71
HARyWxc6TZg,Building Blockchains on the Go | Luis Cardoza Bird | Conf42 Golang 2021,"Aug 3, 2021",416,23.6276,9,5352,4.82
dO6hM1PsyZk,Go Serverless! | Savas Ziplies | Conf42 Golang 2022,"May 3, 2022",414,31.1135,1,4705,4.97
9dPQ0DDGVO4,Maps with Django | Paolo Melchiorre | Conf42 Python 2021,"Jun 26, 2021",413,15.7553,5,4013,5.53
pvwvRi6iMds,Shopyo: Your Mega Flask Machine | Abdur Rahmaan Janhangeer | Conf42 Python 2021,"Jun 26, 2021",412,12.2506,1,2048,1.9
FclEiSDfX14,Premiere - Conf42 Site Reliability Engineering 2022,"Jun 9, 2022",405,24.1424,12,3262,2.36
slyuCb4HgH4,A Developer‚Äôs Introduction to Service Mesh | Rosemary Wang | Conf42 Cloud Native 2022,"May 31, 2022",404,32.8867,2,4522,2.68
JsiwcZkH75c,Beginning your own data engineering projects | Hui Xiang Chua | Conf42 Python 2021,"Jun 26, 2021",403,15.293,7,4019,4.53
nApPLgPfPYM,Shipping Quality Software in Hostile Environments | Luka Kladaric | Conf42 Chaos Engineering 2020,"Mar 28, 2020",393,38.0213,3,2807,3.71
ch6Nqy9N7dA,Premiere - Conf42 JavaScript 2023,"Nov 16, 2023",389,10.406,8,39591,0.32
FazRUwBWPUI,Debugging a container with a sidecar using Gefyra | Michael Schilonka | Conf42 Cloud Native 2022,"May 31, 2022",388,35.3037,2,2152,5.02
AyRhi92v9O0,Doing GitOps for multi-cloud using Crossplane & Flux2 | Leonardo Murillo | Conf42 Cloud Native 2021,"Jun 2, 2021",387,45.3183,4,2778,3.28
g_gHnBcdov8,Platform Engineering: Why and How to start | Serg Hospodarets | Conf42 DevOps 2023,"Feb 28, 2023",387,26.8323,5,2429,3.42
eOe3sxE_AkI,LanceDB: A OSS serverless Vector Database in Rust | Lei Xu | Conf42 Rustlang 2023,"Sep 24, 2023",385,19.8194,3,5808,3.84
4mNHGg2yNyI,Delivering successful API integrations | Jose Haro Peralta | Conf42 Python 2021,"Jun 26, 2021",380,13.0875,0,2170,4.84
mdwAMxxKKRA,Reliability in the Face of Uncertainty | Benjamin Wilms | Conf42 Chaos Engineering 2023,"Feb 16, 2023",377,12.5053,2,54546,0.18
SBifB5-9naA,Concurrency for beginners | Jayaganesh Kalyanasundaram | Conf42 Golang 2021,"Aug 3, 2021",376,10.6625,3,3819,3.8
DWBIDrAi4zo,Debugging JVM performance issues |  Ranjan Mohan & Silvia Siu Luo | Conf42 Enterprise Software 2021,"May 5, 2021",375,26.0988,4,3242,5.86
TMgpgW2_Ht0,Just-in-time Nodes for Any AWS EKS Cluster: Karpenter | Samuel Baruffi | Conf42 Cloud Native 2023,"Apr 30, 2023",375,63.8331,10,6631,3.2
UBqouRXnslA,Self Healing Systems | Nick Hodges | Conf42 Chaos Engineering 2022,"Mar 10, 2022",372,32.2296,6,3511,4.59
PBbgCGep6NU,Premiere - Conf42 Python 2021,"May 27, 2021",370,15.3277,11,3915,1.63
Ja41H7RWY7I,Premiere - Conf42 Rustlang 2023,"Aug 24, 2023",368,10.2327,19,3846,2.26
UlmCJl8ZsT4,Machine Learning in Production - MLOps | Ryan Dawson | Conf42 SRE 2020,"Aug 9, 2020",366,17.3309,7,16728,0.75
UvnBJr4-xX4,Quantum-Resistant Native Go Programs: Taking the Leap | Mathilde Raynal | Conf42 Golang 2021,"Aug 3, 2021",365,15.9962,3,2795,3.51
F72qEyetHWE,Premiere - Conf42 DevOps 2024,"Jan 25, 2024",364,24.6569,11,3478,2.04
GRX3OAWtLfo,Pushing Rust to the limit in a Blockchain Environment | Andrei Marinica | Conf42 Rustlang 2022,"Sep 30, 2022",363,31.6877,3,15424,0.67
Ta5Lq2kbiQQ,Natural language modelling- BlazingText algorithm | Dinesh Subramani | Conf42 Machine Learning 2021,"Aug 31, 2021",362,35.2892,1,3747,4.99
qSd7hhao3vk,Build Cloud Infrastructure using Python | Sohan Maheshwar | Conf42 Python 2021,"Jun 26, 2021",357,22.7867,4,2877,5.35
WLu6NKYqFQs,Learn BabylonJS to Create 3D Metaverse Environments | Griffin Solot-Kehl | Conf42 JavaScript 2022,"Dec 19, 2022",356,20.9049,7,3212,4.89
2Py4tQWBrkg,Get maximum benefit from zero-cost abstractions | Tim McNamara | Conf42 Rustlang 2022,"Sep 30, 2022",355,29.5964,2,3540,2.34
LMa3gQR1jFU,Truth about running Cloud Security Assessments in 2021 | Ashish Rajan | Conf42 Cloud Native 2021,"Jun 2, 2021",355,23.4618,18,2286,3.54
c8Tjbmq66UU,Techniques for SLOs and Error Budgets at Scale | Fred Moyer | Conf42 Observability 2023,"Jul 9, 2023",355,24.0321,3,3753,0.85
Xi6bZ4tl-Qk,AI-driven DevOps CI/CD pipelines | Michele Dodic & Francesco Sbaraglia | Conf42 DevOps 2023,"Feb 28, 2023",353,23.1134,2,1412,5.38
GK91Q5vLHjc,Andela: Bringing the future of work to life | Agnes Muthoni | Conf42 Golang 2022,"Mar 31, 2022",352,11.5968,5,5249,3.18
ATqDrIkA8fA,Building Super Powered HTML Forms with JavaScript | Austin Gil | Conf42 JavaScript 2021,"Nov 26, 2021",350,24.8162,6,1779,1.91
MRm1lJOShhg,Unikernels and NanoVMs | Ian Eyberg & Miko Pawlikowski | Conf42Cast,"Nov 1, 2022",347,52.27,5,4554,1.49
xGYPbrbHBls,"Terraform Practices - The Good, the Bad and the Ugly | Hila Fish | Conf42 Cloud Native 2022","May 31, 2022",347,24.0116,2,1524,4.99
N3NAlHlLv5I,Cryptpad - the Encrypted Collaboration Suite | Ludovic Dubost | Conf42 Open Source Showcase 2020,"Jul 6, 2020",341,24.427,1,4277,3.3
J4_DGkKGWIo,Unix shell - We can do better now | Ilya Sher | Conf42 Chaos Engineering 2024,"Feb 15, 2024",340,18.4692,2,3905,1.05
OZ-958Ig3kw,Multilingual Natural Language Processing | Gajendra Deshpande | Conf42 Machine Learning 2021,"Aug 31, 2021",340,11.9747,2,4008,5.04
UvOdp38QVMs,Building our own custom Code Insight tool | Adelina Simion & Ross McFarlane | Conf42 DevSecOps 2021,"Dec 2, 2021",340,20.526,1,2519,2.74
bmZGbXNftGg,"I've finished, it's working... only tests left..!? | Tal Doron | Conf42 JavaScript 2021","Nov 26, 2021",338,11.7337,1,1649,6.12
Y-URSLmIPIg,"Struct Embedding, Instrumentation and Code Generation | Jesus Espino | Conf42 Golang 2021","Aug 3, 2021",336,23.4201,9,2979,5.67
3IT4UzN9Jds,Level Up Your CI/CD With Smart AWS Feature Flags | Ran Isenberg | Conf42 DevSecOps 2022,"Jan 6, 2023",334,21.6694,7,1390,1.51
g01ObyU3aEU,Chaos Engineering in 2021 | Mikolaj Pawlikowski | Conf42: Chaos Engineering,"Mar 28, 2021",334,34.2364,2,2379,4.92
PjHH2JiND0o,Premiere - Conf42 Observability 2023,"Jun 8, 2023",329,8.2806,10,4114,2.48
dSug-XCD8S4,How Static Code Analysis Prevents You From Waking Up at 3AM | Xe Iaso | Conf42 SRE 2022,"Jul 12, 2022",329,14.9738,0,20667,0.56
1F5sGy3ONW4,Deep-dive into Open Policy Agent + Conftest + GateKeeper | Noaa Barki | Conf42 Cloud Native 2022,"May 31, 2022",327,35.3945,0,2147,6.43
UoS8Ek1nzlQ,Premiere - Conf42 Cloud Native 2022,"Apr 28, 2022",324,18.8469,9,2670,2.7
kCMk7mViP58,Macrocosm of Microapis | Jose Haro Peralta & Miko Pawlikowski | Conf42Cast,"Jun 8, 2021",324,7.6553,1,1547,4.27
qZO6m7stVSg,How to deal with technical debt | Alexandre Omeyer | Conf42 JavaScript 2021,"Nov 26, 2021",321,21.8164,3,1174,4.26
gjU-X6YnV1A,Premiere - Conf42 Cloud Native 2023,"Mar 30, 2023",318,14.2428,5,3031,1.45
DGajwPBwyC4,Serverless Architecture for Product Defect Detection | Mohsin Khan | Conf42 Machine Learning 2022,"Jun 21, 2022",317,8.0006,8,1384,4.19
NTLdCNeBtI4,Premiere - Conf42 Chaos Engineering 2022,"Mar 10, 2022",316,13.4618,9,2609,2.68
4VosMeJlvWA,Journey to Resilience | Vilas Veeraraghavan | Conf42 Chaos Engineering 2020,"Apr 2, 2020",313,24.5316,1,2647,2.38
cZCbfHBqzlQ,Microservices from a DevOps perspective | Gaston Cacheffo | Conf42 DevOps 2023,"Jan 26, 2023",313,20.4401,3,6128,1.55
mvImyJ1ttN8,Building interactive reports in Streamlit with ipyvizzu | Peter Vidos | Conf42 Python 2023,"Apr 11, 2023",313,15.1155,1,2985,3.18
h6kzwaBwrCY,Premiere - Conf42 Machine Learning 2021,"Jul 29, 2021",312,9.7173,10,1932,1.86
AiavxedXWJA,Complex AI Forecasting Methods for Investments | Pawel Skrzypek & Anna Warno | Conf42 Python 2021,"Jun 26, 2021",310,13.2685,1,2283,4.2
iIr5xgwJWAI,Shift Left your Performance Testing | Hari Krishnan | Conf42 SRE 2021,"Oct 30, 2021",310,28.2156,4,1981,6.71
jllPMWL5rK8,A Gentle Introduction to Building Data-Intensive Applications | Joe Karlsson | Conf42 Golang 2022,"May 3, 2022",310,24.9254,5,3344,4.1
_nG0p3Dl4No,Premiere - Conf42 Machine Learning 2023,"May 18, 2023",309,6.6761,7,2688,2.34
DXSWUkXUFPw,Leveraging the power of State Machines in Swift | Frank Courville | Conf42 Mobile 2022,"Mar 18, 2022",306,23.572,0,1544,4.53
4cRqm8sSUjs,Learning Go when you don't know how to code | Miriah Peterson | Conf42 Golang 2021,"Aug 3, 2021",305,22.5148,3,2404,5.49
lSguqR93rjs,Premiere - Conf42 Enterprise Software 2021,"Mar 25, 2021",304,8.5252,6,1631,2.08
xM8myEOM2yQ,Go to the Edge | Liam Hampton | Conf42 Golang 2022,"Apr 4, 2022",304,17.9757,3,4809,2.72
agNoLB67PxI,GPT: Revolutionizing Monitoring and Logging Systems | Clay Langston | Conf42 SRE 2023,"Jun 4, 2023",302,16.2711,5,5419,2.95
9TMor_Yqypw,Secure coding in iOS | Julio Cesar Fernandez Munoz | Conf42 Mobile 2022,"Mar 18, 2022",301,29.6992,9,2220,5.36
TD9q_7j1ok0,Building Scalable Data Pipelines With Argo Workflows | David Joyce | Conf42 Kube Native 2022,"Nov 20, 2022",300,21.76,2,2515,3.46
mDf0Zf2iBJY,Microsoft SQL Server HA/DR on AWS | Asif Mujawar | Conf42 SRE 2021,"Oct 30, 2021",299,38.0695,4,4016,3.86
VlI7Ke9JYV4,Testing in Go: 101 | Francisco Daines | Conf42 Golang 2022,"May 3, 2022",298,37.6774,4,3673,4.11
XKMpl2b4jOk,What is Data Reliability Engineering? Why it is Crucial? | Miriah Peterson | Conf42 SRE 2022,"Jul 12, 2022",298,23.2115,5,2683,6.19
Z3dZ-LzS8Gc,PyO3: Rust üíö Python | Moshe Zadka | Conf42 Python 2023,"Apr 11, 2023",298,11.5837,3,3212,6.29
O6-SzNhBXZk,Premiere - Conf42 DevSecOps 2023,"Nov 30, 2023",295,16.6966,14,3831,1.64
IucrT-g1OxI,Modern Development of Distributed Apps: Service Weaver | Robert Grandl | Conf42 Cloud Native 2023,"Apr 30, 2023",293,22.7265,2,2251,6.35
jMPbo7rkKbA,Webiny | Sven Al Hamad | Conf42 Open Source Showcase 2020,"Jul 6, 2020",293,15.545,1,3597,4.92
tAvLKsnNJVg,Extending Redis with Rust | Brian Sam-Bodden | Conf42 Rustlang 2022,"Sep 30, 2022",293,27.432,4,4023,2.83
g6l7gbrmObo,goyek - using Go for automation | Robert Pajak | Conf42 Golang 2023,"May 21, 2023",292,16.2241,3,4508,3.53
hnoahDG03P0,Security Chaos Engineering | Yury Ni√±o Roa | Conf42 SRE 2020,"Aug 9, 2020",291,15.573,5,8865,1.11
1m9bZ8ztl6s,The art of programmatic videos with rust | Dmitriy Kovalenko | Conf42 Rustlang 2022,"Sep 30, 2022",290,24.7319,6,2156,4.59
s7tHhyxuXg4,Dynamic data masking & encryption for MySQL/PostgreSQL | Trista Pan | Conf42 Quantum Computing 2023,"Jul 31, 2023",289,14.1188,1,2927,3.59
NWjh8MY51o8,Monitoring AI Pipelines Output As Product | Hila Fox | Conf42 Machine Learning 2021,"Aug 31, 2021",288,8.0594,1,1747,3.38
kq07tygRWAk,Graviton2: How Honeycomb Reduced Infra Spend by 40% | Shelby Spees | Conf42 Cloud Native 2021,"Jun 2, 2021",286,15.8972,1,1078,3.43
pEPhcoyV474,Building Slack Applications with Bolt.js | Alba Rivas | Conf42 JavaScript 2022,"Dec 19, 2022",286,10.7854,2,2627,6.2
9pBMn3DwHNY,SREs ‚ù§Ô∏è Chaos Enegineering | Mikolaj Pawlikowski | Conf42 SRE 2020,"Aug 16, 2020",284,24.8804,4,2420,2.44
Zl0q_JJzCUQ,The Path to self-healing systems | Leonid Belkind | Conf42 Chaos Engineering 2021,"Mar 28, 2021",284,34.2604,3,2499,5.32
HS-BSZcyZIA,Blazing fast serverless with Rust | Luca Bianchi | Conf42 Rustlang 2022,"Sep 30, 2022",282,17.1766,3,3431,3.64
ET7aLG_Rfkw,Python and the New MySQL Shell | Dave Stokes | Conf42 Python 2021,"Jun 26, 2021",281,12.1519,6,1555,7.72
kQEYUtpDWjQ,"Stop being a YAML engineer, be a software engr. with CDK8s | Robert Hoffman | Conf42 JavaScript 2022","Dec 19, 2022",281,24.2701,2,4454,3.05
yoNoEKZXgMY,üöÄ Supercharge your Node.JS with Rust | Dmitry Kudryavtsev | Conf42 Rustlang 2022,"Sep 30, 2022",280,18.2506,2,2751,3.71
xawcd75C3M4,Breaking Into Blockchain Development with JavaScript | Jay McCarthy | Conf42 JavaScript 2021,"Oct 28, 2021",278,36.2787,4,3007,3.29
4EzFGpfwfb0,Premiere - Conf42 Incident Management 2022,"Sep 29, 2022",277,9.4016,0,1856,2.91
B0zf4a9T8jo,Application-Level Chaos Engineering in JVM | Long Zhang | Conf42 Chaos Engineering 2020,"Apr 5, 2020",277,19.323,1,3169,3.57
umQmXykeqL4,Premiere - Conf42 DevSecOps 2021,"Dec 2, 2021",277,10.9837,6,2040,2.16
6bAqj6B4m-Q,Blameless Postmortem Culture | Pranjal Deo | Conf42 Chaos Engineering 2021,"Mar 28, 2021",275,22.4022,2,3950,2.73
8DBTffP4KK8,Premiere - Conf42 Platform Engineering 2023,"Sep 7, 2023",275,5.515,9,6524,0.66
B9_WBz4VJO8,Risk-Driven Fault Injection for Fast & Furious | Kennedy Torkura | Conf42 Chaos Engineering 2021,"Mar 28, 2021",275,21.7035,2,2438,3.65
w31oh7ulXwI,Building Scalable Applications with GQLGen & AWS Lambda | Durgaprasad Budhwani | Conf42 Golang 2023,"May 21, 2023",275,14.9175,1,4346,2.58
IfL6J_6el7E,"Go and Redis, better together! | Abhishek Gupta | Conf42 Golang 2023","May 21, 2023",273,32.3642,5,3899,2.64
M0OZgqtI51c,Building Awesome UI Apps with VUE | Ahmed Bankole | Conf42 JavaScript 2020,"Oct 21, 2020",272,7.8174,5,3438,2.53
bjumLUNzwUk,Simpler and more flexible Kubernetes Ingress: Apache APISIX | Wei Jin | Conf42 Cloud Native 2022,"May 31, 2022",268,11.9137,3,1679,5.72
62rNT-bo1G0,The Perfect Code Review | Victor Rentea | Conf42 Enterprise Software 2021,"May 5, 2021",266,13.5849,1,1634,6.55
gTjPWm_N2UE,How to Raise Your Profile as a Developer | Lauren Schaefer | Conf42 JavaScript 2021,"Oct 28, 2021",265,16.8796,6,2559,3.13
qgHWzQ2zcqQ,Postmortem Culture at Google | Ramon Medrano Llamas | Conf42 SRE 2022,"Jul 12, 2022",263,18.5624,1,3116,3.4
R23q51wkvY4,Cloud Chaos - AWS Fault Injection Simulator (FIS) | Samuel Baruffi | Conf42 Chaos Engineering 2023,"Mar 23, 2023",262,31.5311,4,2379,4.37
pdupvWTjBCw,Premiere - Conf42 DevSecOps 2022,"Dec 1, 2022",262,11.4597,3,2452,1.96
u-odNsW5qvI,How Did I Become Devops Engineer! | Megha Kadur | Conf42 Kube Native 2022,"Nov 20, 2022",261,10.0712,3,4011,3.34
4R7qCQLjz2Y,Low Overhead Python Application Profiling using eBPF | Yonatan Goldschmidt | Conf42 Python 2022,"Mar 1, 2022",260,12.1583,2,1955,5.47
uAsYYSGyx8c,Elephant in the Blameless War Room - Accountability | Emily Arnott & Christina Tan | Conf42 SRE 2021,"Sep 30, 2021",260,28.6067,1,2950,2.47
AbnD9lsHStU,Optimizing Observability with OpenTelemetry Collector | Bruno Ferreira | Conf42 DevOps 2024,"Jan 25, 2024",259,13.1738,5,2861,1.57
E5JMyl8r3zc,Build your own Svelte | Li Hau Tan | Conf42 JavaScript 2022,"Dec 19, 2022",259,15.0356,1,3762,2.55
c63JZRgRxIQ,Chaos Engr at Microsoft with Azure Chaos Studio | John Engel-Kemnetz | Conf42 Chaos Engineering 2022,"Mar 10, 2022",259,29.9554,1,3665,3.27
5-nlCxeQUF4,Cyber Chaos Engineering | Aaron Rinehart & David Lavezzo | Conf42 Chaos Engineering 2021,"Mar 28, 2021",258,33.2356,0,3340,2.93
ZV7fLrC137Y,"Panel Discussion | Nora Jones, Erin McKeown & Charity Majors | Conf42 Incident Management 2022","Sep 29, 2022",250,39.0589,1,2727,3.01
xi6q2FLL2S8,Demystifying Event-Driven Architectures | Bogdan Sucaciu | Conf42 Enterprise Software 2021,"May 5, 2021",247,12.0183,1,1509,7.82
z9JB98wHQJY,Programming your way up a Skyscraper | Tadeh Hakopian | Conf42 Python 2021,"Jun 26, 2021",246,5.3641,2,2171,4.15
vBwzEpnQ7To,Contract Driven Development | Hari Krishnan | Conf42 Incident Management 2022,"Oct 24, 2022",245,17.4303,0,2904,3.41
ALFcjl1xcyo,Build the next evolution of composable architecture using GraphQL | Priya Singh | Conf42 SRE 2022,"Jun 9, 2022",243,16.7013,2,3000,1.9
FXHredN-q5A,The Only Thing That Matters In DevOps Is... | Viktor Farcic | Conf42 Cloud Native 2022,"May 31, 2022",242,15.3526,1,1366,4.03
gNHVXN3DP6o,Making VR more interesting with JS and Brain.js | Milecia McGregor | Conf42 JavaScript 2020,"Oct 21, 2020",242,9.7317,5,3052,2.29
q2MuScM0Ru4,Premiere - Conf42 Incident Management 2023,"Oct 19, 2023",242,6.5124,4,4092,1.1
8T_oB4KgsA4,"Ducks, Re-ducks, Redux-tools | Sergii Zhuravel | Conf42 JavaScript 2021","Nov 26, 2021",241,17.5616,1,10151,1.17
R8Y-dvN9enw,You should never use static shared secrets in GitHub Actions | Kenneth DuMez | Conf42 DevOps 2023,"Jan 26, 2023",241,14.1834,6,7204,0.93
8XEzepW_Jtk,"Using Infra-as-code, not Jira tickets to pass audits | Travis Gary  | Conf42 DevSecOps 2021","Dec 2, 2021",239,15.2082,1,2006,2.04
nm62d2gYqNk,Graceful Degradation: When All Goes Wrong | Tanveer Gill | Conf42 Chaos Engineering 2023,"Mar 23, 2023",239,8.1177,2,2350,3.19
VfAff-aBpNg,"Dissecting Slices, Maps and Channels in Go | Jesus Espino | Conf42 Golang 2022","May 3, 2022",234,13.0913,3,2615,5.2
yRpmKmeaweU,Chaos Engineering alongside Litmus and Jenkins | Akram Riahi | Conf42 Chaos Engineering 2022,"Apr 11, 2022",232,10.2351,1,1259,6.51
geVnpogxgD8,Premiere - Conf42 Kube Native 2022,"Oct 20, 2022",230,6.2049,3,3550,1.55
8bUiFaPqRj8,Continuous Resilience with Chaos Engineering | Uma Mukkara | Conf42 Chaos Engineering 2023,"Feb 16, 2023",228,12.8265,4,6735,0.79
eK1krh81z_A,XWiki | Clement Aubin | Conf42 Open Source Showcase 2020,"Jul 6, 2020",226,12.7772,2,4287,2.75
BPPiWpRN1g0,Idiomatic Python: Tools and Tips | Ammara Laeeq | Conf42 Python 2021,"Jun 26, 2021",225,15.4091,1,2394,5.6
S-JZL1j-X2c,Evangelizing the SRE mindset | Cristina Buenahora Bustamante | Conf42 SRE 2021,"Sep 30, 2021",225,20.7334,2,2301,3.95
wzA310fy0u8,Orchestrating data and ML workflows with Apache Airflow | Tamara Janina Fingerlin | Conf42 ML 2023,"Jun 20, 2023",225,18.1943,5,3211,3.27
88X5_tDnku0,Future is Cloud-native & Your Organization Should Be Too | Ciara Carey | Conf42 Cloud Native 2022,"Apr 28, 2022",224,16.5422,2,2892,3.08
r66vRCWpWoM,Working with dates and times in Pandas | Reuven M Lerner | Conf42 Python 2021,"Jun 26, 2021",221,26.0373,2,3403,3.38
dm8cyB2k32g,Deserializing Python objects in Go with GoPickle | Marco Nicola | Conf42 Golang 2021,"Aug 3, 2021",220,12.2883,1,2173,3.68
 -ngNReCPRLE,Build a complex app with TDD | Ivan Pesenti | Conf42 Golang 2023,"May 21, 2023",219,17.5358,1,2962,3.54
e2jeukR8ZaA,Search through your data with Weaviate | Laura Ham | Conf42 Machine Learning 2021,"Aug 31, 2021",219,9.4536,2,2484,4.67
BZ7rZa9feKA,Premiere - Conf42 Internet of Things (IoT) 2023,"Dec 14, 2023",218,4.5395,6,2259,1.51
BeFLnQF78ik,Concurrency primitives of Golang - how to use and how not to | Piyush Verma | Conf42 Golang 2021,"Aug 3, 2021",218,12.4431,3,1645,5.65
H3hLVALwkqc,Compliance As Code with Cloud Custodian | Ismael Hommani & Tanguy Combe | Conf42 DevSecOps 2021,"Dec 29, 2021",218,14.1101,1,2030,4.88
IEAiODaTPok,Consulting for Introverted Developers | Matt Harrison | Conf42 Python 2023,"Apr 11, 2023",218,12.4878,5,3847,3.35
qfUbp7uJqWw,Manage secrets across cloud on Kubernetes | Jhonnatan Gil Chaves | Conf42 DevSecOps 2021,"Dec 29, 2021",217,5.271,1,1458,1.65
LAWdzqBtxL8,Using Arch-Go to test the quality of our architecture | Francisco Daines | Conf42 Golang 2021,"Aug 3, 2021",216,8.3206,3,2674,3.07
qDqNyfCaiIU,Ensembling techniques for time series forecasting | Pawel Skrzypek & Anna Warno | Conf42 Python 2022,"Mar 1, 2022",216,12.9462,1,2407,4.61
bYSo78dwgH8,HTTP Server on random available port in Go | Kazuki Higashiguchi | Conf42 Golang 2022,"May 3, 2022",215,8.3944,-1,3255,3.23
vqNviNKQWE8,Software Composition Analysis 101: what‚Äôs inside your apps | Magno Logan | Conf42 DevSecOps 2021,"Dec 29, 2021",214,21.2496,3,3946,3.42
58JCFkE8BqQ,golings - a tool for beginners learning golang | Mauricio Antunes | Conf42 Golang 2023,"May 21, 2023",213,7.2603,1,3281,3.41
W_wazXG70-Y,Securing the Cloud | Yury Nino & Jhon Gil Chaves | Conf42 Chaos Engineering 2021,"Mar 28, 2021",212,13.5901,1,2422,2.06
ZTbrf47mCEU,Who is responsible for Chaos? | Joyce Lin | Conf42 Chaos Engineering 2020,"Mar 31, 2020",212,6.4283,1,3726,2.6
Dxt1SjUtCDk,Onboarding Chaos Engineering | Karolina Rachwa≈Ç | Conf42 Chaos Engineering 2021,"Mar 28, 2021",211,8.9507,0,1676,3.7
isRejeQY3fI,Practical introduction to OpenTelemetry tracing | Nicolas Frankel | Conf42 DevOps 2023,"Feb 28, 2023",210,13.7127,1,3502,2.6
azmyU4_7VYI,Driving Service Ownership with Distributed Tracing | Daniel 'spoons' Spoonhower | Conf42 SRE 2020,"Aug 9, 2020",209,17.9468,2,1289,3.49
frregZU6ck0,Destructuring frontend monoliths with Microfrontends | Trishul Goel | Conf42 JavaScript 2021,"Nov 26, 2021",209,13.9573,3,1927,3.53
IeVS8Y6wpKg,Streamlit: The Fastest Way to build Data Apps | Steven Kolawole | Conf42 Python 2021,"Jun 26, 2021",208,6.0389,1,4316,2.2
JwnJt9XZl8s,Build your next app with web components! | Andrew Desmarais | Conf42 JavaScript 2021,"Nov 26, 2021",208,14.1595,1,2386,3.77
rZzGr5Zj1KM,Four Golden Signals: Monitoring the health of your service | Michael McAllister | Conf42 SRE 2022,"Jun 9, 2022",206,15.1248,2,3097,2.97
3ySS8c5Ja0E,Replacing Privileged Users With Just-in-Time Access Requests | Travis Rodgers | Conf42 SRE 2023,"May 4, 2023",204,18.7874,1,4574,1.79
4k2WHfq_OF0,The Complete Handbook to OpenTelemetry Metrics | Prathamesh Sonpatki | Conf42 DevOps 2024,"Jan 25, 2024",199,12.5731,2,2299,1.61
q1p4K5se3jc,Heap Optimizations for Go Systems | Nishant Roy | Conf42 Golang 2023,"May 21, 2023",199,20.5147,1,4731,2.28
u0jByw3M9Jw,Premiere - Conf42 Python 2024,"Feb 29, 2024",199,10.1435,6,2440,3.03
xriZuPVyTZg,Live hacking: Breaking into your Java web app | Brian Vermeer | Conf42 Enterprise Software 2021,"May 5, 2021",199,14.8006,0,3322,2.89
HCy3sjMRvlI,Chaos Engineering for SQL Server | Andrew Pruski | Conf42 Chaos Engineering 2020,"Mar 29, 2020",197,15.6067,4,1683,3.09
gLOLcVQasYQ,Journey from monolith to microservices on AWS | Lerna Ekmekcioglu | Conf42 Cloud Native 2022,"May 31, 2022",197,7.0077,0,1274,3.85
EgSt47s8tFo,Migrating from Imperative to Reactive | Nicolas Frankel | Conf42 Enterprise Software 2021,"May 5, 2021",195,21.9949,0,1921,5.05
30s_Jsa29M0,Alerting on SLOs and Error Budget Policies | Ricardo Castro | Conf42 SRE 2022,"Jul 12, 2022",194,13.5425,2,2164,4.39
6JtctR2C0Ww,Secure your Go APIs with Decentralised Identity Tokens | Mohammad Shahbaz Alam | Conf42 Golang 2021,"Aug 3, 2021",194,8.9513,1,2812,3.91
 -isNp3F8Gh4,0 to 60 on Day 1: The Promise of Software Factories | Murali Mallina | Conf42 DevOps 2024,"Jan 25, 2024",193,16.7138,5,1833,1.15
KnOjmPHvwe4,Building an IoT Monitoring App with InfluxDB | Anais Dotis-Georgiou | Conf42 Python 2023,"Apr 11, 2023",193,8.1553,2,4157,1.25
WvQMG0oQYQk,Regress to Progress: A Child‚Äôs Mindset for Growth | Rain Leander | Conf42 Python 2022,"Jan 27, 2022",193,5.9458,2,4043,1.98
vi8EJ1vflf0,Did We Make Developers Happy by Shifting to Microservices? | Arsh Sharma | Conf42 Kube Native 2022,"Oct 20, 2022",192,9.6001,2,2595,2.66
HSsyT7kI3EM,Keys or Certs for SSH Access? Why should I care? | Allen Vailliencourt | Conf42 SRE 2021,"Sep 30, 2021",191,16.8553,5,2390,1.67
r-tVKhb1W98,Horizontal Autoscaling with Kubernetes | Rob Richardson | Conf42 Kube Native 2022,"Nov 20, 2022",191,12.5513,0,46034,0.14
ir0qo9mdiuw,"True DevSecOps with People, Processes, and Technologies | Stefania Chaplin | Conf42 DevSecOps 2022","Dec 1, 2022",190,10.5599,2,2205,3.36
cpTZ3ywTdHQ,Premiere - Conf42 Mobile 2022,"Feb 17, 2022",189,8.299,6,1297,1.93
mAs-l0L90k0,String Comparison in Real Life | Naomi Kriger | Conf42 Python 2021,"Jun 26, 2021",189,12.3142,3,2044,5.09
QrdhysXUiJQ,Taming uncertainty in Observability | Mahesh Venkataraman | Conf42 Chaos Engineering 2021,"Mar 28, 2021",188,7.1611,1,1733,2.65
BiJWFHL7u_Y,Machine Learning 2.0 with Hugging Face | Julien Simon | Conf42 Machine Learning 2022,"Jun 21, 2022",186,12.5753,2,5016,1.91
W8abhX_9AmE,Security testing for Terraform templates | Pawel Piwosz | Conf42 DevSecOps 2021,"Dec 29, 2021",186,14.5337,1,1666,4.32
45MJYw_iDMg,Anomaly Detection with Apache Pinot & ThirdEye | Yoav Nordmann | Conf42 Cloud Native 2023,"Apr 30, 2023",185,12.9331,3,1801,2.5
5NJk7wc5WII,Continuous Reliability. How? | Ana Margarita Medina | Conf42 Chaos Engineering 2022,"Mar 10, 2022",185,9.8239,4,2559,2.58
p_QBnEC-5o0,Engineering Reliable Mobile Applications | Pranjal Deo | Conf42 SRE 2021,"Oct 30, 2021",185,20.4587,2,1346,5.57
EF317oTdrnM,"From XML to Compose, transforming a large app to Jetpack Compose | Ahmed Tikiwa | Conf42 Mobile 2022","Mar 18, 2022",184,11.0187,1,2109,2.8
ODQPERg82yQ,Adding OpenTelemetry to Production Apps: Lessons Learned | Dave McAllister | Conf42 SRE 2022,"Jul 12, 2022",183,17.2532,0,1731,1.68
6uQ_TzC1Vbk,Exploring Stateful Microservices built with Open Liberty | Mary Grygleski | Conf42 Cloud Native 2021,"Jun 2, 2021",182,14.5043,0,1747,4.58
ioFwOt3_aWg,Python - best practices | Ranjan Mohan | Conf42 Python 2021,"Jun 26, 2021",181,8.7773,1,1610,5.71
cEbEYSN8o1U,Intro to Solid.js for React Developers (or anyone else) | Travis Waith-Mair | Conf42 JavaScript 2022,"Dec 19, 2022",180,12.7644,-1,1598,2.07
sbR0zEDZYGY,Improving resilience through SLO validation using chaos engineering | Uma Mukkara | Conf42 SRE 2021,"Sep 30, 2021",180,14.2995,2,2652,2.71
uev8MdVZj_o,The Art & Science of AB Test Development | Bill Coloe | Conf42 JavaScript 2021,"Nov 26, 2021",180,14.2688,3,2092,4.35
mZfIHxkonxg,From Application to Product Ownership: an SRE Team's Journey | Nikolaus Rath | Conf42 SRE 2020,"Aug 9, 2020",179,12.9998,0,1496,2.67
xtkgZxNbnPI,What is observability-driven development? | Adnan Rahic | Conf42 Observability 2023,"Jul 9, 2023",179,13.1402,2,3582,2.62
ADbzspZrZu4,Data analytics in browser with AlaSQL.JS | Gaurab Patra & Bhagyajit Jagdev | Conf42 JavaScript 2022,"Dec 19, 2022",178,4.9335,0,1611,5.96
CpcJhMyCw3M,Regain faith- Internet‚Äôs zero trust architecture | Thibault Koechlin | Conf42 Chaos Engineering 2021,"Mar 28, 2021",178,9.2554,2,2713,2.65
jxWWMr18Gwc,Malware Hunting - Using python as attack weapon | Filipi Pires | Conf42 Python 2022,"Mar 1, 2022",178,6.9569,2,1947,2.82
Qki3nMIzcR4,Threat Modelling in CI/CD environments | Darren Richardson | Conf42 DevSecOps 2022,"Jan 6, 2023",177,12.2348,1,1892,2.64
u2qRKFbSKYE,What Successful AI Teams Have in Common | Scott M. Graffius | Conf42 Quantum Computing 2023,"Jul 31, 2023",177,3.0429,0,2111,1.75
tMow4OAWkwY,Tinkerbell  - an automated Provisionning Engine | Aman Parauliya | Conf42 SRE 2020,"Aug 9, 2020",175,18.9935,3,3294,2.28
5uJdBnY-zcE,Unveiling the secrets of ancient coins | Nicolas Metallo | Conf42 Machine Learning 2021,"Aug 31, 2021",174,5.0447,3,1836,3.92
o0HEbXdCyKg,TypeScript's Strict Compiler Options | Daniel Danielecki | Conf42 JavaScript 2021,"Nov 26, 2021",172,5.9658,1,1878,4.42
57qGmSsLAgs,SRE Anti-patterns | Niladri Choudhuri | Conf42 SRE 2022,"Jun 9, 2022",171,19.4332,4,2369,3.21
Qzq52ADcBD8,Let's Go Build Cloud Native Pulsar Apps with Go | David Kjerrumgaard | Conf42 Golang 2023,"May 21, 2023",171,9.8167,0,2913,3.5
Sb7T997maRw,Applied Security | Aaron Rinehart & Jamie Dicken | Conf42 SRE 2020,"Aug 9, 2020",171,17.1776,1,1973,2.64
hCVLZ8-7_Yg,Confidential computing with Go | Moritz Eckert | Conf42 Golang 2021,"Aug 3, 2021",171,10.9203,3,2249,3.02
PHZuGN-sEAo,SLI Negotiation Tactics for Engineers | Alayshia Knighten | Conf42 SRE 2021,"Sep 30, 2021",170,8.5467,0,2153,2.28
WHc_9QRIpL4,Software won't make noise when it breaks | Piyush Verma | Conf42 Chaos Engineering 2021,"Mar 28, 2021",170,13.5525,1,2745,2.73
04uoYLtFI78,Investigating Performance Issues In Microservices Arch. | Dotan Horovits | Conf42 SRE 2021,"Oct 30, 2021",169,16.4598,2,1646,4.68
azofjyUDgJw,Shift up: Continous Security and feedback loop | Swapnil Deshmukh | Conf42 Chaos Engineering 2021,"Mar 28, 2021",169,5.9298,1,2527,4
9mkNEazCtfY,Feature flags in terraform | Prabesh Thapa | Conf42 DevOps 2023,"Feb 28, 2023",168,7.9045,2,1659,5.24
MhPQxelA2v4,How to become a digital nomad without losing your job! | Arafat Khan | Conf42 DevSecOps 2022,"Jan 6, 2023",168,6.4925,0,4478,0.33
R3eqwG8wfeE,Squeezing a go function | Jesus Espino | Conf42 Golang 2023,"May 21, 2023",167,15.9682,0,3291,2.28
T3I4g1igWOM,Pragmatic Incident Response: 5 lessons learned from failures | Robert Ross | Conf42 SRE 2021,"Sep 30, 2021",167,23.737,3,3285,2.83
dhzREpvTdpw,"It's My Homelab, Why Would I Want SSO? | Matt Williams | Conf42 Kube Native 2022","Nov 20, 2022",167,8.1677,0,2345,1.45
dy_y89Zflmk,Using Qiskit to create Quantum Games | Myron Giannakis | Conf42 Quantum Computing 2023,"Jul 31, 2023",167,6.248,5,2689,1.93
KM00eyKDVs4,Machine Learning Engineering Done Right | Joshua Arvin Lat | Conf42 Python 2021,"Jun 26, 2021",165,7.5286,3,1934,3.57
RHMQ3e3mC_s,How Decorators Function | Andrew Knight | Conf42 Python 2022,"Mar 1, 2022",165,11.7918,0,1294,4.33
ViJi1MYViP8,"Application Networking on Kubernetes, where are we now? | Federica Ciuffo | Conf42 Cloud Native 2023","Apr 30, 2023",165,3.4808,3,1559,4.75
hQXBC2F8Lig,Exposing Log-Metrics To Prometheus With Best Practice |Samuel Arogbonlo | Conf42 SRE 2022,"Jul 12, 2022",165,7.6223,1,1789,2.29
T2aoaFLbUqQ,Serverless Backend for Frontend on AWS | Roman Boiko | Conf42 JavaScript 2022,"Dec 19, 2022",164,11.9484,1,1131,2.3
Yx4eM9Sh-fY,The State of Infrastructure-From-Code 2023 | Ala Shiban | Conf42 Cloud Native 2023,"Apr 30, 2023",161,8.7732,2,794,1.89
eY6NguDGuo0,Increasing Kubernetes Resilience for an SRE | Umasankar Mukkara | Conf42 SRE 2020,"Aug 9, 2020",161,11.7985,2,2220,3.92
jCH-aLbcYUA,Improving the process of debugging JavaScript errors | Finbar Fleming | Conf42 JavaScript 2022,"Nov 17, 2022",161,6.3993,1,2705,2
jz6ZXseTZzU,Implementing a Learning Team: A real-world case-study | Kurt Andersen | Conf42 SRE 2022,"Jun 9, 2022",161,16.9767,3,4702,1.28
kxWvP-y49sw,How to TDD in legacy code | Gil Zilberfeld | Conf42 Python 2022,"Mar 1, 2022",161,16.1651,1,1895,3.48
9j-oDghxc30,Time series database: Should I use one? | Anais Dotis-Georgiou | Conf42 Python 2023,"Mar 9, 2023",160,11.5972,2,3006,2.56
DCQD-sqTyrQ,Premiere - Conf42 Machine Learning 2022,"May 19, 2022",159,4.3129,1,2005,1.2
_8eFg8dDcjk,Self-service PR-based automated Terraform | Andrew Kirkpatrick | Conf42 SRE 2021,"Oct 30, 2021",159,14.981,1,1804,4.05
lhk4cSHtduU,Rust Code Prototyping using XML | John Rexes Murro | Conf42 Rustlang 2023,"Sep 24, 2023",159,3.6956,0,2986,3.62
uqVd5SGZuaQ,Premiere -  Conf42 Chaos Engineering 2024,"Feb 15, 2024",159,7.6011,12,2126,1.65
Gdm96CtmrL0,"Postmortems, Learning & Blameless Culture | Julie Gunderson | Conf42 Chaos Engineering 2021","Mar 28, 2021",158,22.3345,0,2385,2.81
M2pQ95M3nII,Premiere -  Conf42 Web 3.0 2022,"Dec 15, 2022",158,2.5015,2,1905,1.68
XatQZUjI9LI,Monitoring Microservices The Right Way | Dotan Horovits | Conf42 Cloud Native 2021,"Jun 2, 2021",158,10.0148,2,1426,5.47
YvDKNpvom90,Kubernetes monitoring - how to improve it | Aliaksandr Valialkin | Conf42 SRE 2022,"Jul 12, 2022",158,9.059,3,2374,2.65
n7EHNRfYj0U,Let the Main Thread Breathe! | Majid Hajian | Conf42 JavaScript 2020,"Oct 21, 2020",158,10.54,2,1946,2.77
KUyIjjgYhl0,Cloud Native Chaos Engineering | Umasankar Mukkara | Conf42 Chaos Engineering 2020,"Apr 3, 2020",157,6.5215,2,2110,3.32
PZbznVnPKqY,Set Up a ‚ÄúProduction-Ready‚Äù Kubernetes Cluster in 10 Minutes | Abhimanyu Selvan | Conf42 DevOps 2023,"Feb 28, 2023",157,9.0891,5,1497,5.21
LrPYtefkHJ4,Proactive optimization for Cloud | Pawe≈Ç Skrzypek & Alicja Reniewicz | Conf42 Chaos Engineering 2021,"Mar 28, 2021",156,12.1424,1,2607,2.42
y_Ve7jiHDFA,Defeating Ransomware Attacks | Kennedy Torkura | Conf42 Chaos Engineering 2022,"Apr 11, 2022",156,8.7906,1,1215,3.46
H4ZqAkOfTcw,Learnings from Chaos experiments | Vishnu Vardhan Chikoti | Conf42 Chaos Engineering 2022,"Apr 11, 2022",155,7.1871,3,1382,3.04
O-k-chlFdO8,Premiere - Conf42 Kube Native 2023,"Sep 28, 2023",154,3.454,5,2040,1.08
Q3raBvmtBy4,Relia...bility? | Ricardo Castro | Conf42 Incident Management 2022,"Oct 24, 2022",154,6.377,0,1184,2.11
XvulxlK7EYE,"Apparently, you can ""debug"" your SQL queries | Eyal Trabelsi | Conf42 Observability 2023","Jul 9, 2023",153,5.4461,2,1283,1.56
MbZ4mHyKJFw,Teleportation for beginners | Ev Kontsevoy & Miko Pawlikowski | Conf42Cast,"May 20, 2021",152,15.0846,1,1155,3.81
4WdMWhGrIeQ,Attack & Defend Mobile Apps | Romansh Yadav | Conf42 Chaos Engineering 2021,"Mar 28, 2021",151,13.8297,2,2572,2.68
a9R9FRnkLu4,Mutation Testing with PIT | Rafal Leszko | Conf42 Enterprise Software 2021,"May 5, 2021",151,10.4013,1,2368,2.87
AzUe2PsDXCQ,4 key metrics for measuring your team's performance | Cristina Buenahora | Conf42 SRE 2022,"Jun 9, 2022",150,16.9533,2,3672,1.61
BdD8RcNayps,A journey of Journey Programming Language written by Tester | Atmaram Naik | Conf42 Rustlang 2023,"Sep 24, 2023",150,6.0455,3,1769,1.3
lGba-z0yxqw,Offline Web Apps don't exist anymore! | Francesco Leardini | Conf42 JavaScript 2020,"Oct 21, 2020",150,7.5166,4,2759,2.57
oaPyPrO6d80,Manage the blocks of your app with BLoC - Flutter | Abhishek Doshi | Conf42 Mobile 2022,"Mar 18, 2022",150,4.935,2,2308,3.55
zz2Z6P60hK0,Analyzing the Programmer's Brain | Felienne Hermans & Miko Pawlikowski | Conf42Cast,"Dec 9, 2021",150,12.5676,3,2668,2.62
T3_UMV6_tKw,Containing an Elephant | Dhiraj Hegde | Conf42 Cloud Native 2021,"Jun 2, 2021",149,10.0857,1,1106,0.99
T4yw0Unc-wQ,Preparing for disaster: going Multi-Region | Ana Van Straaten | Conf42 Cloud Native 2022,"Apr 28, 2022",149,6.6491,1,2008,2.04
hHDpuSEOfBM,There's somebody in my package manager! | Thomas Chauchefoin & Paul Gerste | Conf42 DevSecOps 2022,"Dec 1, 2022",149,12.4401,0,3072,0.98
avuPa3ldmCc,Build on Ethereum Quickly and Easily with Scaffold-ETH | Kevin Jones | Conf42 Web 3.0 2022,"Jan 7, 2023",148,6.811,2,3962,0.86
iWpCDH9l8G4,Responsible AI in Health | Tempest van Schaik | Conf42 Machine Learning 2021,"Jul 29, 2021",148,7.1484,2,2262,1.9
GJmPF-Tk4kk,Premiere - Conf42 Quantum Computing 2022,"Jun 30, 2022",147,2.899,2,1945,1.39
L6rQtGDxCXk,Canvas Pixel Transformation: Beauty comes slowly | Victor Lebrun | Conf42 JavaScript 2020,"Oct 21, 2020",147,4.0082,0,2640,2.46
kmaaeJSuhHQ,Art of building secure and scalable Webhooks | Marvin Collins Hosea | Conf42 Golang 2023,"May 21, 2023",147,7.3666,0,3210,2.43
4MiJG3IPyWI,One more step in Learning from Incidents | Vanessa Huerta Granda | Conf42 Incident Management 2022,"Sep 29, 2022",146,12.9899,1,2128,2.63
7Sg3etadb4w,Creating a Learning Culture | Amir Shaked | Conf42 Chaos Engineering 2021,"Mar 28, 2021",146,8.198,1,1643,3.29
bRyDk5IFB2Q,Terraform apply secured by Open Policy Agent | Peter ONeill | Conf42 SRE 2022,"Jul 12, 2022",146,11.0479,3,1934,3.52
rkfcYDwK_bs,Building Near Real-time Analytics Solution on AWS | Shubhankar Sumar | Conf42 SRE 2021,"Oct 30, 2021",146,9.9715,0,2011,3.73
v6rKfdqlwec,Vector Ops: run vector embedding-powered apps in prod| Daniel Svonava | Conf42 Machine Learning 2023,"Jun 20, 2023",146,11.8235,0,2944,1.6
1K6M7o7FTy4,Unlocking reasoning in Large language models | Logesh Kumar Umapathi | Conf42 ML 2023,"Jun 20, 2023",145,11.1376,2,2782,3.06
LVSHkqXtETU,Making Software Bill of Materials (SBOMs) Actionable | Ciara Carey | Conf42 DevSecOps 2022,"Dec 1, 2022",145,10.9598,3,2135,2.39
dlIYKB8GUuA,Static stability using availability zones | Eduardo Janicas | Conf42 Cloud Native 2021,"Jun 2, 2021",145,15.0178,0,1172,4.86
yexDfQAgLDQ,Future of observability in an experience-driven economy | Rajalakshmi Srinivasan | Conf42 SRE 2022,"Jun 9, 2022",145,15.2112,2,2543,1.73
923XbIE0e1c,Let the machines optimize the machines | Stefano Doni | Conf42: SRE 2021,"Oct 30, 2021",144,7.1446,2,954,2.94
WwneEVRVeOE,How to be Pythonic? Design a Query Language in Python | Cheuk Ting Ho | Conf42 Python 2021,"Jun 26, 2021",144,7.8522,1,1712,4.32
NMG_JWYN_28,Reliability 101 | Kolton Andrus | Conf42 SRE 2022,"Jun 9, 2022",143,10.8207,0,2794,2.22
LekPIu5h3QM,Nuclear Rust | John Darrington | Conf42 Rustlang 2023,"Sep 24, 2023",142,9.879,3,3269,2.42
urCJ53iqGSM,Role of Quality Engineers in SRE | Reuben Rajan George | Chaos Engineering 2021,"Mar 28, 2021",142,7.6857,0,1947,3.18
7Q8P8FABF_k,Improve Resilience with automated chaos engineering | Gunnar Grosch | Conf42 SRE 2021,"Sep 30, 2021",141,12.8149,1,2717,2.28
c-w-WbRrQ9s,Beyond Kubernetes Ingress (with Gateway API) | Shane Utt | Conf42 Cloud Native 2023,"Mar 30, 2023",141,11.4308,4,3577,1.96
4ppcsdq_PCM,Exploring Micro-Frontends | Luca Mezzalira & Miko Pawlikowski | Conf42Cast,"Aug 10, 2021",139,10.9292,3,2434,1.48
7mNesSk7p6A,Interactive command-line tutorials with WebAssembly | Robert Aboukhalil | Conf42 JavaScript 2022,"Dec 19, 2022",139,9.1257,0,1384,2.17
7s-mx-IEEkc,Hodor: Detecting and addressing overload | Bryan Barkley & Vivek Deshpande | Conf42 SRE 2022,"Jul 12, 2022",139,6.2028,0,4821,0.77
JL7ZKM3wvcg,"Bye Kubernetes Ingress, Long Life to Gateway API | Yuri Bacciarini | Conf42 DevOps 2024","Jan 25, 2024",139,8.694,0,3051,1.61
vslg-W-ox-k,Chaos Engineering: When the Network Breaks | Tammy Bryant Butow | Conf42 Chaos Engineering 2021,"Mar 28, 2021",139,14.3319,1,1981,3.69
A-39YWIXyag,Addressing Cloud Security with OPA | Josh Stella | Conf42 Open Source Showcase 2020,"Jul 6, 2020",138,7.8428,0,1905,1.63
mLuqyFSyBaU,Test Driven Development & Golang | Mohammad Quanit | Conf42 Golang 2023,"May 21, 2023",138,4.6466,1,3209,2.12
yQiISxndExA,Cloud Native Chaos Engineering at scale | Uma Mukkara | Conf42 Chaos Engineering 2021,"Mar 28, 2021",138,12.3971,1,2026,3.55
97ugw8qXkis,Role of SRE in DevSecOps | Kalyan Dhokte | Conf42 DevSecOps 2022,"Jan 6, 2023",137,2.4758,0,1848,0.92
u24KSshT2js,Maintaining reliable systems | Ayelet Sachto | Conf42 Chaos Engineering 2022,"Apr 11, 2022",137,5.6933,0,1114,5.12
z_rNQnU1xnU,Top 13 best security practices for Azure | Radu Vunvulea | Conf42 DevSecOps 2022,"Jan 6, 2023",137,2.8684,0,8395,0.38
AbEoMu7piQ4,Understand & Where to use AI & Machine Learning 101 | Rich Niemiec | Conf42 DevSecOps 2023,"Dec 31, 2023",136,8.5865,2,6520,1.44
pD1Wl0LfB_g,The Observant Developer - OpenTelemetry from code to prod | Roni Dover | Conf42 DevSecOps 2022,"Jan 6, 2023",136,3.3639,0,5339,0.64
T8UjctrFPAk,Taking Your DevOps Tooling To The Dark Side | Mike Guthrie | Conf42 DevSecOps 2022,"Jan 6, 2023",135,7.7995,0,2430,1.03
437uNCsnG5c,Web applications of the future with TypeScript and GraphQL | Roy Derks | Conf42 JavaScript 2022,"Dec 19, 2022",134,3.4318,1,1264,2.37
Hn9snYYzeBI,An Introduction to Service Mesh in Action | Jason Dudash | Conf42 Cloud Native 2022,"May 31, 2022",134,10.3077,1,890,2.58
NPC_gR_gkCc,Observability and SLIC Watch | Diren Akkoc | Conf42 Observability 2023,"Jul 9, 2023",134,3.3403,1,1540,2.86
ek-xNIdhbn0,Sustainable API Management | Akshata Sawant | Conf42 DevSecOps 2022,"Dec 1, 2022",134,6.4009,3,2171,3.18
iUYdO2ZNgms,Organizational Chaos & recipes for Service Ownership | Joey Parsons | Conf42 Chaos Engineering 2021,"Mar 28, 2021",134,7.4858,0,2206,2.95
wUoZ4OK7yEM,DevSecOps: More Than Just Pipelines | Tanya Janca | Conf42 DevSecOps 2023,"Dec 31, 2023",134,9.7237,4,1570,2.1
2UAqgSEtfyc,Internationalisation(i18n) & Localisation(l10n) | Mayank Kumar | Conf42 JavaScript 2022,"Dec 19, 2022",132,5.9809,0,1475,4.27
HqDYZ-66p7I,Quantum Machine Learning - the next big thing | Karthiganesh Durai | Conf42 Quantum Computing 2023,"Jul 31, 2023",132,3.6125,2,3112,2.35
rDtTWuSqZrs,APIOps: Harnessing AI for Rapid API Delivery | Rick Spurgeon | Conf42 Platform Engineering 2023,"Sep 7, 2023",132,8.5737,3,4167,1.42
UnWnSYiGtTE,Writing queryable APIs with MicroProfile GraphQL | Phillip Kruger | Conf42 Enterprise Software 2021,"May 5, 2021",131,10.5697,4,1549,4.78
l-3tBjuPv_I,Embracing change: Policy-as-code with OPA and Gatekeeper | Ara Pulido | Conf42 Cloud Native 2021,"Jun 2, 2021",131,13.1327,0,1602,3.5
r3VUCq0gwkM,Go learning by project: Souin (rex) | Sylvain Combraque | Conf42 Golang 2021,"Aug 3, 2021",131,4.4126,1,2536,3.04
soHRQVeZTDI,Build 0-cost invite-only website with Next.js & Airtable! | Luciano Mammino | Conf42 JavaScript 2022,"Dec 19, 2022",130,5.9756,1,1347,3.71
szdOtPWFuY4,Using WebAssembly for in-database Machine Learning | Akmal Chaudhri | Conf42 Machine Learning 2023,"Jun 20, 2023",130,3.7609,3,4383,1.39
wdp1PSunTiw,Zero Trust Security with IoT | Syed Rehan | Conf42 Web 3.0 2022,"Jan 7, 2023",130,5.2116,2,2060,1.7
8QDxFmm0y50,Scaling WordPress with Next.js | Colby Fayock | Conf42 JavaScript 2021,"Nov 26, 2021",129,10.8695,6,2374,3.12
bsn3f52huUw,Machine learning won't put you out of a job | Jesus Saldana Gonzalez | Conf42 Machine Learning 2022,"May 19, 2022",129,5.5851,1,2198,1.96
dZrberU3FEQ,CI/CD with Github Actions | Chris Ayers | Conf42 DevSecOps 2022,"Jan 6, 2023",129,11.0491,1,2300,2.39
34LgjCjWoy4,Web Accessibility testing with playwright.js & axe-core | Taslan A. Graham | Conf42 JavaScript 2023,"Dec 10, 2023",128,6.6365,1,898,3.34
AtqFi-f9r54,Think like a HACKER | Josh Stella | Conf42 Open Source Showcase 2020,"Jul 6, 2020",128,12.399,5,1899,2.21
H17k5GEBD8U,"Beyond Kubernetes | John Dietz, Jared Edwards & Miko Pawlikowski | Conf42Cast","Aug 17, 2023",128,6.1694,3,2382,1.55
NbAUmoifzdQ,Maximizing Error Injection Realism with System Calls | Long Zhang | Conf42 Chaos Engineering 2021,"Mar 28, 2021",128,11.9733,0,2470,2.06
fMAINcpXlIQ,Azure cloud for the web frontend developers | Maxim Salnikov | Conf42 JavaScript 2021,"Nov 26, 2021",128,7.5209,3,1421,4.64
HaDkQRQSdvE,How to avoid Black Holes when aiming for Resilience? | Alex Williams & Leonid Belkind | Conf42Cast,"Mar 4, 2021",127,5.766,1,965,1.97
wApKJJVnSIk,Open Source Observability with OpenTelemetry | Nocnica Mellifera | Conf42 DevOps 2023,"Feb 28, 2023",127,7.5668,1,1647,2.98
 -HbNuEAT6BA,Making Logs Work for you with Fluentd | Phil Wilkins | Conf42 Cloud Native 2021,"Jun 2, 2021",126,9.8946,2,2270,2.69
YofLXDGn2KI,Cloud-Native Observability at Scale | Shahar Azulay | Conf42 Kube Native 2022,"Nov 20, 2022",126,4.8497,1,2427,1.85
aidldOBxnJY,The (too) Many Faces Of Architecture | Mihaela-Roxana Ghidersa | Conf42 JavaScript 2021,"Nov 26, 2021",126,8.7911,0,1493,4.02
lbT9aA0aLBo,Observability: one of the strongest muscles for SRE | Jhonnatan Gil Chaves | Conf42 SRE 2023,"Jun 4, 2023",126,12.299,0,3002,2.23
s0Cs1PkJ-UA,Don't Panic! Effective Incident Response | Quintessence Anx | Conf42 SRE 2021,"Oct 30, 2021",126,6.6833,2,914,1.97
A5raon-jtTU,Lyra: Disrupting the full-text search industry with JS | Michele Riva | Conf42 JavaScript 2022,"Dec 19, 2022",125,7.3672,1,1670,3.65
EsMS7gOBrY4,Secrets-management: challenges from code to cloud | Jeroen Willemsen | Conf42 DevSecOps 2021,"Dec 29, 2021",125,10.2877,0,1907,2.1
lqLu5VhF-_0,Debug NodeJS Applications in Production with Lightrun | Shai Almog | Conf42 JavaScript 2021,"Nov 26, 2021",125,8.1129,3,1711,2.92
sEsapRQRx0A,"Stop configuring infrastructure, start coding it! | Robert Hoffmann | Conf42 Cloud Native 2022","May 31, 2022",125,10.6112,0,1355,3.03
XU6FAULTibA,Don't Waste Data | Aditi Ramaswamy & Anisha Biswaray | Conf42 Machine Learning 2022,"Jun 21, 2022",124,2.4392,0,1558,3.02
huKvsVp9xIs,Rust for Java Programmers - a Personal Perspective | Ovidiu Ionescu | Conf42 Rustlang 2023,"Sep 24, 2023",124,11.144,3,3331,1.86
_WDaKgFrj8A,Deep Dive into Kubernetes Operators | Rohit Mishra | Conf42 DevOps 2024,"Jan 25, 2024",123,9.4446,1,5564,1.6
N_q8JZgVIIs,Fighting the Imposter Syndrome | Mihailo Joksimovic | Conf42 Python 2022,"Mar 1, 2022",122,8.5455,0,1313,4.19
QtNAl56HXdI,Building a Serverless FinTech Startup on Azure | Daniel Bass | Conf42 Cloud Native 2021,"Jun 2, 2021",122,9.0677,4,1165,4.64
WeD_9LnsMyg,Multi-Thread demystified | Atila Fassina | Conf42 JavaScript 2021,"Nov 26, 2021",122,7.5539,3,2295,3.01
aKgOt3rG8lo,Hacking OpenTelemetry | Alberto Gastaldello & Andrea Caretta | Conf42 Observability 2023,"Jul 9, 2023",122,7.8393,0,2850,2.39
cQs6JZbSClA,The Role of IoT and 5G Devices in DDoS Attacks | Andrey Slastenov | Conf42 DevSecOps 2023,"Nov 30, 2023",122,6.2418,1,3917,1.53
cYx5gVYj97Q,Defining Steady States and Developing Hypotheses | Sakshyam Shah | Conf42 Chaos Engineering 2022,"Mar 10, 2022",122,10.0272,1,2377,2.4
CvqMzg5md1s,Conf42 talk recording: example,,120,2.5818,2,0,
jJjdKJHqKkI,"Your Lambdas, In Rust! | Luciano Mammino | Conf42 Cloud Native 2023","Apr 30, 2023",120,13.936,1,2782,1.76
sNOP42Jb6XY,Building the Stonehenge using Gall‚Äôs law | Fabricio Buzeto | Conf42 Cloud Native 2021,"Jun 2, 2021",120,5.971,3,1239,3.23
tSnQoN6J9R0,Dia de los Muertos - Postmortems that save lives | Fabricio Buzeto | Conf42 Chaos Engineering 2021,"Mar 28, 2021",120,3.6867,0,996,2.71
u3Hwu8mw_E8,Sustainable Incident Management for happy SRE teams | Ajuna Kyaruzi | Conf42 SRE 2021,"Oct 30, 2021",120,6.9122,0,1187,4.47
ueeS2C9d93k,Create distributed database on K8s leveraging a monolithic one | Trista Pan | Conf42 Golang 2023,"May 21, 2023",120,6.3322,0,3609,1.72
0Ts7Sa_z69Y,Algorithmically Generated Visual Designs | Michael Wehar | Conf42 JavaScript 2022,"Dec 19, 2022",119,3.0941,0,1331,2.78
A-GwPQJ2wyQ,The Remix Philosophy is not Just for Remix | Ken Snyder | Conf42 JavaScript 2023,"Dec 10, 2023",119,10.8514,1,1099,2.27
FsUQor3PbKI,Building Platform using ChatOps & Github Bots | Spiros Economakis | Conf42 Platform Engineering 2023,"Oct 12, 2023",119,3.4017,-1,1794,2.79
PPoQSa_6Dko,How to avoid breaking other people's things | Lisa Karlin Curtis | Conf42 Chaos Engineering 2021,"Mar 28, 2021",119,13.7272,0,2038,2.31
cBcmk1sn0vw,Building Automated Quality Gates into your CI pipelines | Craig Risi | Conf42 SRE 2023,"Jun 4, 2023",119,18.8066,1,2079,2.5
IgVj74_bNKQ,Measuring Reliability in Production | Ramon Medrano Llamas | Conf42 SRE 2023,"Jun 4, 2023",118,8.1314,0,3262,1.99
csFAVyw14V4,Inside the Cortex | Ganesh Datta & Miko Pawlikowski | Conf42Cast,"Oct 7, 2021",118,8.8065,1,2464,1.5
svo8rcU-Q5Q,Whose Method Is It Anyway? | Jason C. McDonald | Conf42 Python 2021,"Jun 26, 2021",118,7.8565,2,1489,2.75
RyxqYe8TGJU,Using OpenTelemetry in a polyglot environment | Michael Sickles | Conf42 Cloud Native 2021,"Jun 2, 2021",117,8.7163,1,1499,3.14
QJb4s6GjvZs,React is Killing your Performance and it's Your Fault | Assaf Krintza | Conf42 JavaScript 2021,"Nov 26, 2021",116,7.9819,0,856,2.8
QbcrJKjWQGE,Psychology of Chaos Engineering | Matty Stratton | Conf42 Chaos Engineering 2020,"Mar 30, 2020",116,8.0316,2,944,2.97
lpkjrdSqgSQ,Kubernetes audit log best practices | Kenneth DuMez | Conf42 Cloud Native 2023,"Mar 30, 2023",116,7.4726,1,2693,2.15
AnX7sC01ut4,Introduction to Ansible for Network Engineers | Jason Belk | Conf42 Cloud Native 2022,"May 31, 2022",115,4.4833,3,1029,3.21
IhV04iRGbks,The Art of Event Driven Observability with OpenTelemetry | Henrik Rexed | Conf42 Observability 2023,"Jul 9, 2023",115,8.1404,3,2062,2.91
PVCsOPzpJgY,Observability in Serverless Application | Ozioma Uzoegwu | Conf42 SRE 2021,"Oct 30, 2021",115,9.038,1,1157,2.77
RFdafFaLvBw,Cloud Native Apache Pulsar Development 101 with Python | Tim Spann | Conf42 Cloud Native 2022,"May 31, 2022",115,7.8802,2,1872,2.94
Sp2FZ5s6Qhc,In Ignotis: Quantum Computing & Astrophysics | Archit Srivastava | Conf42 Quantum Computing 2023,"Jul 31, 2023",115,5.185,3,1943,1.29
nXyqxE2UJ1g,Sharing secret keys in Docker containers and K8s | Jose Manuel Ortega | Conf42 Kube Native 2022,"Nov 20, 2022",115,2.9333,0,2248,1.16
ydG6j83DTnU,Micro Frontends - foundations | Tomasz Krajewski | Conf42 JavaScript 2021,"Nov 26, 2021",115,5.0032,0,2460,2.72
jXR47dubRW8,One Platform Product for All: A Revolution | Hila Israeli | Conf42 Python 2023,"Apr 11, 2023",114,5.6205,1,1375,2.55
n9Q-LONGcec,Observability of Microservices using Open Source Solutions | Shubham Srivastava | Conf42 DevOps 2023,"Feb 28, 2023",114,3.414,1,1940,2.63
nELuSb_MsYY,Migrating to Multi Cluster Managed Kafka - 0 Downtime | Natan Silnitsky | Conf42 Cloud Native 2022,"May 31, 2022",114,5.9742,0,979,4.29
1ujATkvkdSA,"What on Earth is padaiyal? | Ranjan Mohan, Silvia Siu Luo & Miko Pawlikowski | Conf42Cast","Jul 24, 2021",113,3.9366,1,1196,2.26
5WuA0C4UxkI,Top new CNCF projects to look out for | Annie Talvasto | Conf42 SRE 2021,"Oct 30, 2021",113,7.9112,1,1865,2.79
htiICUhTmH8,Why you‚Äôre getting understandability wrong | Liran Haimovitch | Conf42 Enterprise Software 2021,"May 5, 2021",113,4.433,0,1476,1.83
4PBB6X_f3X8,"Maximizing Speed, Costs, UX - AWS ElastiCache Serverless | Indika Wimalasuriya | Conf42 DevOps 2024","Jan 25, 2024",112,2.5166,1,1059,1.89
NBA8hDkoBfM,5-Technology Trends and Opportunities | Derris Boomer | Conf42 Chaos Engineering 2021,"Mar 28, 2021",112,7.5715,0,1882,2.28
lgUv1CYVT6M,Communication challenges in scaling quantum computers | Sam Samuel | Conf42 Quantum Computing 2022,"Jun 30, 2022",112,12.0628,2,2666,2.18
2Wr3n7lnre8,SBB - Secure Building Blocks | Yashwanth Singh M | Conf42 Rustlang 2023,"Sep 24, 2023",111,5.7175,1,2694,1.41
3aoLMVVcE38,The Charm of Incidents | Emily Ruppe & Miko Pawlikowski | Conf42Cast,"Oct 6, 2022",111,10.2052,1,2358,1.31
DWg5iKLywZA,How Devs can save the future generations | Manuel Carrasco Molina | Conf42 Mobile 2022,"Feb 17, 2022",111,7.3712,1,1893,1.58
MJFy3gucdIs,Uranium - a visual quantum computing platform | Radu Marginean | Conf42 Quantum Computing 2022,"Jun 30, 2022",111,4.4719,1,2094,2.58
WU2RencI2vI,Event Streaming and Processing with Apache Pulsar | Mary Grygleski | Conf42 Cloud Native 2022,"May 31, 2022",111,5.4179,1,1256,2.31
ah0DJT5DYJM,Reading 100+ Kubernetes Post-Mortems - lessons learned | Noaa Barki & Shimon Tolts | Conf42 SRE 2021,"Oct 30, 2021",111,5.5223,0,1134,4.32
f4qxdG79QrI,Scaling Multi-cluster Kubernetes at Teleport Cloud | Stephen Levine | Conf42 Kube Native 2023,"Sep 28, 2023",111,5.837,1,2430,1.52
p4PyzDzppiY,Make Your Electron App Feel at Home Everywhere | Kilian Valkhof | Conf42 JavaScript 2021,"Nov 26, 2021",111,8.054,1,1940,3.09
q4sLggLcytc,Protecting Sensitive Data and Machine Learning Models | Justin Patriquin | Conf42 Python 2023,"Mar 9, 2023",111,6.0991,3,2975,1.68
86xI0DzmZWk,Building Universal CI/CD Pipelines | Lionel Lonkap Tsamba | Conf42 DevSecOps 2022,"Jan 6, 2023",110,6.4668,0,2354,1.78
OXIgCFaCD2c,Build ML environment for regulatory customers | Suraj Muraleedharan | Conf42 Machine Learning 2021,"Aug 31, 2021",110,5.3942,0,1203,2.33
QTETuso5wxA,One Woman Show of Migrating an Entire R&D SCM From Bitbucket to GitLab | Hila Fish | Conf42 SRE 2022,"Jul 12, 2022",110,4.0463,0,1993,2.06
WnCKQeODTIg,Microsoft DevOps Solutions AZ-400 | Swapneelkumar Deshpande & Miko Pawlikowski | Conf42Cast,"Dec 13, 2022",110,3.9195,0,2016,0.79
xGcQK0VCngI,Enjoy Typesafe Web Development with Eta | Mappuji Abdurrachman | Conf42 Enterprise Software 2021,"May 5, 2021",110,4.6509,0,2022,2.87
9UX7oPPqc8E,Serverless Security Top 10 | Tal Melamed | Conf42 Cloud Native 2022,"May 31, 2022",109,9.6729,1,864,3.13
IsvPRHoMpt4,K8s Gateway API 101 | Gregorio Palama | Conf42 DevOps 2024,"Jan 25, 2024",109,5.624,0,1963,1.68
NmpjMg62wuw,At the age of AI and ML | Soumen Chatterjee &  Nathalie Rauschmayr | Conf42 Chaos Engineering 2022,"Apr 11, 2022",109,6.3102,0,1917,1.56
TDI_TiqBgRc,System State Clustering using eBPF data | Sujith Samuel | Conf42 SRE 2021,"Oct 30, 2021",109,4.3269,0,1480,1.96
YX6xFsRLfo8,Why Put Sec in DevOps ‚Äì and How | Greta Jocyte | Conf42 DevOps 2023,"Feb 28, 2023",109,6.1699,0,2368,2.24
3FE1wMMfw2w,Architectural Caching Patterns for Kubernetes | Rafal Leszko | Conf42 Cloud Native 2021,"Jun 2, 2021",108,7.7167,0,1448,4.01
EyHejt7WUTI,Optimize connectivity for multi-region archs | Christian Elsen & Lerna Ekmekcioglu | Conf42 SRE 2022,"Jul 12, 2022",108,3.1017,0,1228,2.28
GrBGFzq_pMM,Scalable Multi-Tenant Frontend for an E-Commerce Platform | Guilherme Dalla Rosa | Conf42 JS 2023,"Dec 10, 2023",108,6.1088,5,1720,2.5
9BqNSWGQlmk,The 2024 Kubernetes Benchmark Report | Joe Pelletier | Conf42 DevOps 2024,"Jan 25, 2024",107,8.9285,1,1988,1.81
EGxcQB92Zo0,Exploring ChatGPT for Improved Observability | Gareth Emslie | Conf42 Observability 2023,"Jul 9, 2023",107,8.2371,1,3104,1.58
Ytvb-vili9I,Building Kubernetes apps? Remove YAML & write Go instead! | Abhishek Gupta | Conf42 Kube Native 2022,"Nov 20, 2022",107,4.5906,0,2949,1.53
enIPf6_MFn4,Effective Java with Groovy & Kotlin | Naresha K | Conf42 Enterprise Software 2021,"May 5, 2021",107,5.3735,0,2347,2.47
nn-4BzMd0Eg,Put down JS - how building fundamentals will help you LvlUp! | Colby Fayock | Conf42 JavaScript 2020,"Oct 21, 2020",107,6.6963,3,2373,1.47
6-MOtJPpves,Embracing the Fear of Failure | Humaira Ahmed | Conf42 Chaos Engineering 2021,"Mar 28, 2021",106,4.7218,0,1827,3.28
K_YGDX5VhUo,Python Memory Understanding | Nisarg Shah | Conf42 Python 2021,"Jun 26, 2021",106,3.3321,2,1548,3.49
a32OpMspmf8,Easy mode for full-stack development with Figma & AWS Amplify | Arundeep Nagaraj | Conf42 JS 2023,"Dec 10, 2023",106,6.1318,0,2844,2.53
dICC8Vv5YoM,Building and Leading Remote Teams | Amber Vanderburg | Conf42 SRE 2020,"Aug 9, 2020",106,8.2909,0,1372,2.55
jzAOVoBPPBA,Go from Kubernetes YAML to software engineer with CDK8s | Robert Hoffmann | Conf42 Kube Native 2023,"Oct 30, 2023",106,7.7027,1,2533,2.57
k0zWsIYQUAA,Implementing a performant URL parser from scratch | Yagiz Nizipli | Conf42 JavaScript 2022,"Dec 19, 2022",106,2.3814,0,1159,3.28
yAIb6GM3b5k,Demystifying Garbage Collection in Java | Igor Braga  | Conf42 Enterprise Software 2021,"May 5, 2021",106,5.7495,1,2303,2.04
FDHQJrtShM4,We can‚Äôt all be Shaq: it‚Äôs time for SRE hero to pass the ball | Malcolm Preston | Conf42 SRE 2022,"Jun 9, 2022",105,7.6921,0,1933,1.71
MUOrumcZvKo,Convolutional Neural Networks in Action | Milecia McGregor | Conf42 Machine Learning 2021,"Aug 31, 2021",105,3.8916,3,1575,2.22
UfGy6jgjaTI,Building a K8s Operator for a Distributed Database | Natalie Pistunovich | Conf42 Cloud Native 2021,"Jun 2, 2021",105,3.1151,1,1227,3.34
Showing top 500 results
